file_name,bend_ratio,velocity,density,size,stokes,max_erosion,avg_erosion_s01
1111.csv,1.5,5,2000,50,0.05451711357615691,2.080291499999999,0.00031516353539747687
1112.csv,1.5,5,2000,100,0.21806845430462765,8.754693,0.0005487258975614936
1113.csv,1.5,5,2000,150,0.49065402218541226,8.754693,0.0015648909159065138
1114.csv,1.5,5,2000,200,0.8722738172185106,8.754693,0.0042176267393487865
1115.csv,1.5,5,2000,300,1.962616088741649,6.295296699999998,0.012380502529300553
1116.csv,1.5,5,2000,500,5.451711357615692,6.815097761194029,0.03680884470774275
1121.csv,1.5,5,5000,50,0.1362927839403923,5.643222299999999,0.0010187846101880494
1122.csv,1.5,5,5000,100,0.5451711357615692,6.729615999999996,0.007773334096509357
1123.csv,1.5,5,5000,150,1.2266350554635306,5.643222299999999,0.025122769156017574
1124.csv,1.5,5,5000,200,2.1806845430462767,5.643222299999999,0.05465057556945964
1125.csv,1.5,5,5000,300,4.906540221854122,8.269389024390241,0.1163490440421302
1126.csv,1.5,5,5000,500,13.62927839403923,8.414258854166665,0.22994037912806942
1131.csv,1.5,5,10000,50,0.2725855678807846,10.122101999999998,0.010138706617968368
1132.csv,1.5,5,10000,100,1.0903422715231383,10.122101999999998,0.06278768202717357
1133.csv,1.5,5,10000,150,2.453270110927061,7.771439199999997,0.1581874908161963
1134.csv,1.5,5,10000,200,4.361369086092553,9.78969068965517,0.2971506793301835
1135.csv,1.5,5,10000,300,9.813080443708245,8.355547703180209,0.5107779844892539
1136.csv,1.5,5,10000,500,27.25855678807846,9.359508112386226,0.7984717964680093
1141.csv,1.5,5,15000,50,0.4088783518211768,6.919486999999999,0.04108439075802189
1142.csv,1.5,5,15000,100,1.6355134072847073,7.439406410256409,0.18953283582792305
1143.csv,1.5,5,15000,150,3.6799051663905913,9.239660519480518,0.44088243346151795
1144.csv,1.5,5,15000,200,6.542053629138829,11.101440366972477,0.741890852638092
1145.csv,1.5,5,15000,300,14.719620665562365,11.309707386363634,1.1259303579081938
1146.csv,1.5,5,15000,500,40.88783518211769,16.742820963541668,1.5486626709476041
1151.csv,1.5,5,30000,50,0.8177567036423536,11.245313999999997,0.30568425678306604
1152.csv,1.5,5,30000,100,3.2710268145694146,12.017211688311688,1.009624510176652
1153.csv,1.5,5,30000,150,7.359810332781183,14.09280221300138,1.7180826826701747
1154.csv,1.5,5,30000,200,13.084107258277658,19.34409873708381,2.296263523934941
1155.csv,1.5,5,30000,300,29.43924133112473,25.007992392223162,2.825277611662101
1156.csv,1.5,5,30000,500,81.77567036423538,29.887722186904007,3.267070850705997
1211.csv,1.5,10,2000,50,0.10903422715231383,23.233716999999984,0.0035990320442962328
1212.csv,1.5,10,2000,100,0.4361369086092553,30.804231999999992,0.02620172883643249
1213.csv,1.5,10,2000,150,0.9813080443708245,37.264435,0.08593331628593312
1214.csv,1.5,10,2000,200,1.7445476344370212,35.692209999999996,0.17932434595885013
1215.csv,1.5,10,2000,300,3.925232177483298,35.692209999999996,0.354324434624375
1216.csv,1.5,10,2000,500,10.903422715231384,38.946323170731695,0.6954102329699281
1221.csv,1.5,10,5000,50,0.2725855678807846,36.918087,0.08140264157568944
1222.csv,1.5,10,5000,100,1.0903422715231383,37.05352999999999,0.39321371328788446
1223.csv,1.5,10,5000,150,2.453270110927061,37.05352999999999,0.8471341970169431
1224.csv,1.5,10,5000,200,4.361369086092553,37.05352999999999,1.4279371955517741
1225.csv,1.5,10,5000,300,9.813080443708245,39.150380952380935,2.3758156328474014
1226.csv,1.5,10,5000,500,27.25855678807846,36.95719,3.8103494749220155
1231.csv,1.5,10,10000,50,0.5451711357615692,44.38856999999999,0.5278497766623982
1232.csv,1.5,10,10000,100,2.1806845430462767,44.38856999999999,1.6622930335744202
1233.csv,1.5,10,10000,150,4.906540221854122,48.028297101449276,3.2502540750103006
1234.csv,1.5,10,10000,200,8.722738172185107,50.39906861313868,4.959559090891119
1235.csv,1.5,10,10000,300,19.62616088741649,56.61466161594905,7.116452037050939
1236.csv,1.5,10,10000,500,54.51711357615692,80.62769827586207,9.63750361712168
1241.csv,1.5,10,15000,50,0.8177567036423536,38.62122299999999,1.1323217274598865
1242.csv,1.5,10,15000,100,3.2710268145694146,47.43204819277108,3.2806454476684044
1243.csv,1.5,10,15000,150,7.359810332781183,66.46332949371542,5.834000074972431
1244.csv,1.5,10,15000,200,13.084107258277658,66.58005688585202,8.177611303271608
1245.csv,1.5,10,15000,300,29.43924133112473,86.67362442728385,10.720987356080128
1246.csv,1.5,10,15000,500,81.77567036423538,112.30281296023564,13.315531129875694
1251.csv,1.5,10,30000,50,1.6355134072847073,54.804219999999994,3.3635909476651187
1252.csv,1.5,10,30000,100,6.542053629138829,59.017862976017405,8.127008180044417
1253.csv,1.5,10,30000,150,14.719620665562365,96.65339908952957,11.865312099420164
1254.csv,1.5,10,30000,200,26.168214516555317,118.62095294117645,14.631312274086204
1255.csv,1.5,10,30000,300,58.87848266224946,136.938166539343,17.055661169228028
1256.csv,1.5,10,30000,500,163.55134072847076,155.27522743177047,19.102537232408555
1311.csv,1.5,15,2000,50,0.16355134072847075,67.22027,0.045778069345757205
1312.csv,1.5,15,2000,100,0.654205362913883,130.83971999999997,0.2944540905821243
1313.csv,1.5,15,2000,150,1.4719620665562367,84.59907999999997,0.6875912828863688
1314.csv,1.5,15,2000,200,2.616821451655532,84.59907999999997,1.1703382301703686
1315.csv,1.5,15,2000,300,5.887848266224947,67.35771999999996,1.9349614336496617
1316.csv,1.5,15,2000,500,16.355134072847076,120.96611330049258,3.2570438339862138
1321.csv,1.5,15,5000,50,0.4088783518211768,108.22977399999999,0.26713616032347964
1322.csv,1.5,15,5000,100,1.6355134072847073,72.03060999999995,1.157587788498663
1323.csv,1.5,15,5000,150,3.6799051663905913,86.05562599999999,2.5211933203205605
1324.csv,1.5,15,5000,200,6.542053629138829,95.78717078699547,4.219085244111945
1325.csv,1.5,15,5000,300,14.719620665562365,102.43396238563817,6.826347867236371
1326.csv,1.5,15,5000,500,40.88783518211769,83.45527791952935,10.77983692033529
1331.csv,1.5,15,10000,50,0.8177567036423536,72.65545999999996,0.8833162112958911
1332.csv,1.5,15,10000,100,3.2710268145694146,72.65545999999996,3.249494716802362
1333.csv,1.5,15,10000,150,7.359810332781183,89.92884057801258,6.733963421643709
1334.csv,1.5,15,10000,200,13.084107258277658,102.77886278485667,10.577627582279788
1335.csv,1.5,15,10000,300,29.43924133112473,123.09503625777468,15.355752092906442
1336.csv,1.5,15,10000,500,81.77567036423538,171.52841162171794,21.01476002946328
1341.csv,1.5,15,15000,50,1.2266350554635306,73.87355455760168,1.5677660234846653
1342.csv,1.5,15,15000,100,4.906540221854122,96.22842959591188,5.629556062426573
1343.csv,1.5,15,15000,150,11.039715499171775,135.83618229321425,10.883604806238905
1344.csv,1.5,15,15000,200,19.62616088741649,124.24952619878351,16.015199627542074
1345.csv,1.5,15,15000,300,44.1588619966871,175.86646669508502,21.621187956851294
1346.csv,1.5,15,15000,500,122.66350554635305,228.16263781672532,27.481177559631995
1351.csv,1.5,15,30000,50,2.453270110927061,93.43053,4.0468715558323725
1352.csv,1.5,15,30000,100,9.813080443708245,109.64879967621343,12.555785626523017
1353.csv,1.5,15,30000,150,22.07943099834355,177.7955373763188,20.55131634988216
1354.csv,1.5,15,30000,200,39.25232177483298,235.16391501177935,27.112871629886303
1355.csv,1.5,15,30000,300,88.3177239933742,282.1952731569473,33.07632729740725
1356.csv,1.5,15,30000,500,245.3270110927061,338.27855739147276,38.3723842896818
1411.csv,1.5,18,2000,50,0.19626160887416488,153.18199999999993,0.168279890268914
1412.csv,1.5,18,2000,100,0.7850464354966595,153.18199999999993,0.7717221377282404
1413.csv,1.5,18,2000,150,1.7663544798674842,153.18199999999993,1.5781354437986632
1414.csv,1.5,18,2000,200,3.140185741986638,153.18199999999993,2.5006701854362015
1415.csv,1.5,18,2000,300,7.065417919469937,153.18199999999993,3.913629765467408
1416.csv,1.5,18,2000,500,19.626160887416493,155.35007860262004,6.334240114828758
1421.csv,1.5,18,5000,50,0.49065402218541226,279.29394999999994,1.6429494826431688
1422.csv,1.5,18,5000,100,1.962616088741649,163.21852,4.243577045639503
1423.csv,1.5,18,5000,150,4.41588619966871,163.21852,7.398676460776146
1424.csv,1.5,18,5000,200,7.850464354966596,163.21852,10.867650052640881
1425.csv,1.5,18,5000,300,17.66354479867484,194.79146745562127,15.975237909444113
1426.csv,1.5,18,5000,500,49.06540221854122,181.51711820534945,23.52781861153793
1431.csv,1.5,18,10000,50,0.9813080443708245,310.42038,4.592188547263048
1432.csv,1.5,18,10000,100,3.925232177483298,310.42038,10.93315037837119
1433.csv,1.5,18,10000,150,8.83177239933742,185.51790410958895,18.223643049865775
1434.csv,1.5,18,10000,200,15.700928709933192,183.96899253731343,25.20398641001156
1435.csv,1.5,18,10000,300,35.32708959734968,266.46165605095536,33.63731509113854
1436.csv,1.5,18,10000,500,98.13080443708245,348.5969205834684,43.38159460243879
1441.csv,1.5,18,15000,50,1.4719620665562367,105.51435999999995,8.006008057040777
1442.csv,1.5,18,15000,100,5.887848266224947,210.99675438596492,18.50601355322669
1443.csv,1.5,18,15000,150,13.247658599006131,228.8048296593186,28.79354190376617
1444.csv,1.5,18,15000,200,23.551393064899788,302.39195739014644,37.61357185165669
1445.csv,1.5,18,15000,300,52.990634396024525,383.743246124031,47.08547533723834
1446.csv,1.5,18,15000,500,147.19620665562368,474.5273243435061,56.71763301744249
1451.csv,1.5,18,30000,50,2.9439241331124735,196.92269491525423,20.43333410665171
1452.csv,1.5,18,30000,100,11.775696532449894,300.81056085918857,39.49279976278289
1453.csv,1.5,18,30000,150,26.495317198012263,413.5235400907716,53.13524941856213
1454.csv,1.5,18,30000,200,47.102786129799576,486.64267968056794,63.179379848893454
1455.csv,1.5,18,30000,300,105.98126879204905,552.2446700507614,72.06512717791058
1456.csv,1.5,18,30000,500,294.39241331124737,608.0015646258504,79.58699198299132
1511.csv,1.5,20,2000,50,0.21806845430462765,129.3899699999999,0.34885000605464284
1512.csv,1.5,20,2000,100,0.8722738172185106,125.18606599999994,1.3414919329458583
1513.csv,1.5,20,2000,150,1.962616088741649,125.18606599999994,2.545905174179687
1514.csv,1.5,20,2000,200,3.4890952688740424,112.5710699999999,3.893100289433426
1515.csv,1.5,20,2000,300,7.850464354966596,117.60215147058823,5.925730133783354
1516.csv,1.5,20,2000,500,21.80684543046277,202.8898181818181,9.424219516863545
1521.csv,1.5,20,5000,50,0.5451711357615692,221.22291999999993,2.5474410620312273
1522.csv,1.5,20,5000,100,2.1806845430462767,221.22291999999993,6.147965965997724
1523.csv,1.5,20,5000,150,4.906540221854122,169.03363,10.433173343265157
1524.csv,1.5,20,5000,200,8.722738172185107,220.54365853658527,15.05098472896409
1525.csv,1.5,20,5000,300,19.62616088741649,243.27112804878047,21.857549729268452
1526.csv,1.5,20,5000,500,54.51711357615692,230.72896021699822,31.854808895600257
1531.csv,1.5,20,10000,50,1.0903422715231383,213.53588999999997,6.565294867938956
1532.csv,1.5,20,10000,100,4.361369086092553,189.50775362318834,15.167362297258025
1533.csv,1.5,20,10000,150,9.813080443708245,240.74589855072463,24.78597707939564
1534.csv,1.5,20,10000,200,17.445476344370213,233.9939603960396,33.907083014430235
1535.csv,1.5,20,10000,300,39.25232177483298,345.7172687224669,44.957951068412555
1536.csv,1.5,20,10000,500,109.03422715231385,453.65640373197624,57.53494543809676
1541.csv,1.5,20,15000,50,1.6355134072847073,124.56296428571423,11.217046445467107
1542.csv,1.5,20,15000,100,6.542053629138829,266.3879199999999,25.21146395502361
1543.csv,1.5,20,15000,150,14.719620665562365,269.50480127185995,38.653417739136174
1544.csv,1.5,20,15000,200,26.168214516555317,380.1979319371727,50.13506021905758
1545.csv,1.5,20,15000,300,58.87848266224946,499.1626893939394,62.40873598143769
1546.csv,1.5,20,15000,500,163.55134072847076,565.8367000771009,74.63864767017768
1551.csv,1.5,20,30000,50,3.2710268145694146,283.5546849315068,28.27325897233005
1552.csv,1.5,20,30000,100,13.084107258277658,393.60400966183573,53.0433356305359
1553.csv,1.5,20,30000,150,29.43924133112473,553.3581120943952,70.57095802063921
1554.csv,1.5,20,30000,200,52.33642903311063,640.2976073619633,83.3694296385968
1555.csv,1.5,20,30000,300,117.75696532449892,683.4040927694407,94.54984723720193
1556.csv,1.5,20,30000,500,327.1026814569415,771.7005967180506,103.89082334051497
2111.csv,2.0,5,2000,50,0.05451711357615691,2.5371944999999982,7.826471736061692e-05
2112.csv,2.0,5,2000,100,0.21806845430462765,4.552328599999997,0.00025278974609938747
2113.csv,2.0,5,2000,150,0.49065402218541226,4.552328599999997,0.001226484076034604
2114.csv,2.0,5,2000,200,0.8722738172185106,6.920983999999996,0.004264517912239716
2115.csv,2.0,5,2000,300,1.962616088741649,5.014269399999996,0.013394033981597456
2116.csv,2.0,5,2000,500,5.451711357615692,5.014269399999996,0.04317616715779938
2121.csv,2.0,5,5000,50,0.1362927839403923,4.469259299999999,0.00041121627300739875
2122.csv,2.0,5,5000,100,0.5451711357615692,5.165431499999997,0.004873698870418969
2123.csv,2.0,5,5000,150,1.2266350554635306,5.165431499999997,0.01948471545273934
2124.csv,2.0,5,5000,200,2.1806845430462767,5.313214285714284,0.04773529468163046
2125.csv,2.0,5,5000,300,4.906540221854122,5.657777272727273,0.1112131657645453
2126.csv,2.0,5,5000,500,13.62927839403923,6.764098999999996,0.23048543862933638
2131.csv,2.0,5,10000,50,0.2725855678807846,4.9781356,0.00454571073627497
2132.csv,2.0,5,10000,100,1.0903422715231383,7.723429999999998,0.04040886878423314
2133.csv,2.0,5,10000,150,2.453270110927061,9.155064,0.11806920788726116
2134.csv,2.0,5,10000,200,4.361369086092553,9.155064,0.22957283751854474
2135.csv,2.0,5,10000,300,9.813080443708245,8.713813999999998,0.4049609282203535
2136.csv,2.0,5,10000,500,27.25855678807846,8.713813999999998,0.6321322258957801
2141.csv,2.0,5,15000,50,0.4088783518211768,7.232006999999998,0.023150516729880184
2142.csv,2.0,5,15000,100,1.6355134072847073,6.212802999999998,0.139259821783813
2143.csv,2.0,5,15000,150,3.6799051663905913,9.523575,0.3351188389809176
2144.csv,2.0,5,15000,200,6.542053629138829,7.21321,0.5763394034950341
2145.csv,2.0,5,15000,300,14.719620665562365,10.603443587270972,0.8754335054740431
2146.csv,2.0,5,15000,500,40.88783518211769,14.115364644970416,1.1987825086415582
2151.csv,2.0,5,30000,50,0.8177567036423536,6.045964999999996,0.22609091296647085
2152.csv,2.0,5,30000,100,3.2710268145694146,9.202293518518514,0.7807264382285592
2153.csv,2.0,5,30000,150,7.359810332781183,11.90669696969697,1.3455359404277283
2154.csv,2.0,5,30000,200,13.084107258277658,16.944529132791324,1.7999848260341873
2155.csv,2.0,5,30000,300,29.43924133112473,22.05412016293279,2.2153000442322726
2156.csv,2.0,5,30000,500,81.77567036423538,25.429517241379312,2.572221096061522
2211.csv,2.0,10,2000,50,0.10903422715231383,19.780631999999983,0.0012097660387522296
2212.csv,2.0,10,2000,100,0.4361369086092553,24.889840999999983,0.013263279318465226
2213.csv,2.0,10,2000,150,0.9813080443708245,24.69136999999999,0.05250861027028889
2214.csv,2.0,10,2000,200,1.7445476344370212,24.69136999999999,0.12422503232516746
2215.csv,2.0,10,2000,300,3.925232177483298,24.69136999999999,0.28375781492933994
2216.csv,2.0,10,2000,500,10.903422715231384,24.69136999999999,0.6169097574856574
2221.csv,2.0,10,5000,50,0.2725855678807846,33.04952599999998,0.040594993342887783
2222.csv,2.0,10,5000,100,1.0903422715231383,25.22622099999998,0.25449470910790417
2223.csv,2.0,10,5000,150,2.453270110927061,25.22622099999998,0.6275224947526762
2224.csv,2.0,10,5000,200,4.361369086092553,27.014682170542635,1.1242413789939558
2225.csv,2.0,10,5000,300,9.813080443708245,32.41491089108909,1.9038177972158972
2226.csv,2.0,10,5000,500,27.25855678807846,39.594135,3.046602337225215
2231.csv,2.0,10,10000,50,0.5451711357615692,51.877452999999996,0.33706756236994007
2232.csv,2.0,10,10000,100,2.1806845430462767,51.877452999999996,1.2971609953206975
2233.csv,2.0,10,10000,150,4.906540221854122,29.413014583333325,2.628872610538496
2234.csv,2.0,10,10000,200,8.722738172185107,32.482525,4.035076884980251
2235.csv,2.0,10,10000,300,19.62616088741649,50.23006471816282,5.76123109835114
2236.csv,2.0,10,10000,500,54.51711357615692,72.43223111111111,7.711682665958252
2241.csv,2.0,10,15000,50,0.8177567036423536,40.109073999999985,0.8343825068180176
2242.csv,2.0,10,15000,100,3.2710268145694146,52.89531999999998,2.673362898931856
2243.csv,2.0,10,15000,150,7.359810332781183,37.53750539956803,4.7683682348259495
2244.csv,2.0,10,15000,200,13.084107258277658,55.88382147838213,6.68050744749328
2245.csv,2.0,10,15000,300,29.43924133112473,76.21008179959101,8.697687488269379
2246.csv,2.0,10,15000,500,81.77567036423538,95.70933121019108,10.725094432508014
2251.csv,2.0,10,30000,50,1.6355134072847073,52.184909999999995,2.9231047948622364
2252.csv,2.0,10,30000,100,6.542053629138829,54.73238793103447,6.774561004513115
2253.csv,2.0,10,30000,150,14.719620665562365,82.28661445783133,9.758513813713321
2254.csv,2.0,10,30000,200,26.168214516555317,108.05858909090907,11.962151567979543
2255.csv,2.0,10,30000,300,58.87848266224946,122.65702010968921,13.892728353111165
2256.csv,2.0,10,30000,500,163.55134072847076,136.54587289992693,15.55533191868332
2311.csv,2.0,15,2000,50,0.16355134072847075,64.823524,0.021367654095826208
2312.csv,2.0,15,2000,100,0.654205362913883,95.05589,0.16032172677300124
2313.csv,2.0,15,2000,150,1.4719620665562367,95.05589,0.446986674330288
2314.csv,2.0,15,2000,200,2.616821451655532,95.05589,0.8535557382288751
2315.csv,2.0,15,2000,300,5.887848266224947,95.05589,1.5473949844779247
2316.csv,2.0,15,2000,500,16.355134072847076,56.61248598130837,2.7598483886802003
2321.csv,2.0,15,5000,50,0.4088783518211768,89.90891999999997,0.4186938552148065
2322.csv,2.0,15,5000,100,1.6355134072847073,89.90891999999997,1.6576101518020885
2323.csv,2.0,15,5000,150,3.6799051663905913,107.98293999999999,3.299673581802507
2324.csv,2.0,15,5000,200,6.542053629138829,89.90891999999997,5.194389552162901
2325.csv,2.0,15,5000,300,14.719620665562365,78.11439666666662,7.862202361480231
2326.csv,2.0,15,5000,500,40.88783518211769,96.34592499999995,11.61115494194695
2331.csv,2.0,15,10000,50,0.8177567036423536,62.05404999999995,1.8448997247343262
2332.csv,2.0,15,10000,100,3.2710268145694146,79.26731818181817,5.249733235062982
2333.csv,2.0,15,10000,150,7.359810332781183,85.67576491228067,9.192923451684589
2334.csv,2.0,15,10000,200,13.084107258277658,106.7676747311828,13.023104190240273
2335.csv,2.0,15,10000,300,29.43924133112473,140.26479591836733,17.440021264920095
2336.csv,2.0,15,10000,500,81.77567036423538,184.46578505457595,22.408769043640145
2341.csv,2.0,15,15000,50,1.2266350554635306,68.77161499999997,3.76848863704951
2342.csv,2.0,15,15000,100,4.906540221854122,82.61805952380953,9.386835301902623
2343.csv,2.0,15,15000,150,11.039715499171775,116.00714983713355,14.949458276912038
2344.csv,2.0,15,15000,200,19.62616088741649,152.88460620525058,19.66915267597463
2345.csv,2.0,15,15000,300,44.1588619966871,205.07414585414583,24.55830050308142
2346.csv,2.0,15,15000,500,122.66350554635305,243.77302681992336,29.52297988553947
2351.csv,2.0,15,30000,50,2.453270110927061,126.06570399999995,10.568268997982408
2352.csv,2.0,15,30000,100,9.813080443708245,164.99411016949153,20.596481875505084
2353.csv,2.0,15,30000,150,22.07943099834355,225.47744773519162,27.763121677273247
2354.csv,2.0,15,30000,200,39.25232177483298,269.3206548856549,32.99577506140784
2355.csv,2.0,15,30000,300,88.3177239933742,307.06365079365077,37.619435764304875
2356.csv,2.0,15,30000,500,245.3270110927061,361.5375338753387,41.6122056762043
2411.csv,2.0,18,2000,50,0.19626160887416488,92.87125399999996,0.08061733259828048
2412.csv,2.0,18,2000,100,0.7850464354966595,92.87125399999996,0.45495458809462064
2413.csv,2.0,18,2000,150,1.7663544798674842,92.43717,1.10763581186759
2414.csv,2.0,18,2000,200,3.140185741986638,127.43037399999994,1.9462683475727711
2415.csv,2.0,18,2000,300,7.065417919469937,84.12299999999996,3.2947290225034567
2416.csv,2.0,18,2000,500,19.626160887416493,93.65769736842103,5.580146556802735
2421.csv,2.0,18,5000,50,0.49065402218541226,144.28259999999992,1.0260083855265998
2422.csv,2.0,18,5000,100,1.962616088741649,99.72284999999994,3.4014711744122916
2423.csv,2.0,18,5000,150,4.41588619966871,99.72284999999994,6.346455052103857
2424.csv,2.0,18,5000,200,7.850464354966596,108.68362686567163,9.595813049780771
2425.csv,2.0,18,5000,300,17.66354479867484,139.33564333333328,14.080980353246366
2426.csv,2.0,18,5000,500,49.06540221854122,151.26384630393736,20.320875032428496
2431.csv,2.0,18,10000,50,0.9813080443708245,124.53277599999994,3.727274953878631
2432.csv,2.0,18,10000,100,3.925232177483298,130.91836470588228,9.610679256134908
2433.csv,2.0,18,10000,150,8.83177239933742,150.6830414201183,16.075132823052037
2434.csv,2.0,18,10000,200,15.700928709933192,172.58290081300808,22.120541953615167
2435.csv,2.0,18,10000,300,35.32708959734968,232.96559322033897,29.048234286143284
2436.csv,2.0,18,10000,500,98.13080443708245,321.47003098604046,36.79349435261351
2441.csv,2.0,18,15000,50,1.4719620665562367,125.21604999999995,6.98193838778214
2442.csv,2.0,18,15000,100,5.887848266224947,164.3331617647059,16.32072173919132
2443.csv,2.0,18,15000,150,13.247658599006131,198.76317148362227,25.1443847425697
2444.csv,2.0,18,15000,200,23.551393064899788,255.0896670085977,32.452021485092004
2445.csv,2.0,18,15000,300,52.990634396024525,331.418579802455,40.031836707246484
2446.csv,2.0,18,15000,500,147.19620665562368,389.12321755027415,47.65020916773251
2451.csv,2.0,18,30000,50,2.9439241331124735,164.9503461538461,18.627003893168293
2452.csv,2.0,18,30000,100,11.775696532449894,264.98152671755724,34.38493778192797
2453.csv,2.0,18,30000,150,26.495317198012263,371.7197138069148,45.38616919982071
2454.csv,2.0,18,30000,200,47.102786129799576,430.8147882696108,53.33384842150822
2455.csv,2.0,18,30000,300,105.98126879204905,491.0906232879445,60.34532307318485
2456.csv,2.0,18,30000,500,294.39241331124737,548.9662971857196,66.32313381485744
2511.csv,2.0,20,2000,50,0.21806845430462765,71.44063999999993,0.1532197894279804
2512.csv,2.0,20,2000,100,0.8722738172185106,107.39751999999993,0.7785742903937285
2513.csv,2.0,20,2000,150,1.962616088741649,86.13854999999997,1.7745971661583466
2514.csv,2.0,20,2000,200,3.4890952688740424,80.48309,2.9714115060437902
2515.csv,2.0,20,2000,300,7.850464354966596,100.96309473684208,4.82637813540427
2516.csv,2.0,20,2000,500,21.80684543046277,118.20791176470583,7.939268443827533
2521.csv,2.0,20,5000,50,0.5451711357615692,225.69916999999998,1.639829832165027
2522.csv,2.0,20,5000,100,2.1806845430462767,225.69916999999998,4.888631990813327
2523.csv,2.0,20,5000,150,4.906540221854122,117.99836585365846,8.774705393287093
2524.csv,2.0,20,5000,200,8.722738172185107,131.4825542168674,12.97649125554982
2525.csv,2.0,20,5000,300,19.62616088741649,160.41538333333332,18.724624740606885
2526.csv,2.0,20,5000,500,54.51711357615692,210.0290594498669,26.720866204912927
2531.csv,2.0,20,10000,50,1.0903422715231383,169.69942999999998,5.463756931522184
2532.csv,2.0,20,10000,100,4.361369086092553,170.9172058823529,13.160735415564028
2533.csv,2.0,20,10000,150,9.813080443708245,172.5538674033148,21.44001340758699
2534.csv,2.0,20,10000,200,17.445476344370213,205.60706422018347,29.141173289969725
2535.csv,2.0,20,10000,300,39.25232177483298,303.28834224598927,37.971190129339405
2536.csv,2.0,20,10000,500,109.03422715231385,389.05845673505803,47.810713977017066
2541.csv,2.0,20,15000,50,1.6355134072847073,131.07131999999996,9.895605550560207
2542.csv,2.0,20,15000,100,6.542053629138829,210.27115789473683,21.993139102834487
2543.csv,2.0,20,15000,150,14.719620665562365,237.93559870550155,33.2334711409561
2544.csv,2.0,20,15000,200,26.168214516555317,315.53082191780817,42.58381895921717
2545.csv,2.0,20,15000,300,58.87848266224946,400.85955300127716,52.22391527912226
2546.csv,2.0,20,15000,500,163.55134072847076,503.1382908792111,61.85500653139197
2551.csv,2.0,20,30000,50,3.2710268145694146,198.03878260869558,25.56408064843672
2552.csv,2.0,20,30000,100,13.084107258277658,341.13896802325576,45.66267017497228
2553.csv,2.0,20,30000,150,29.43924133112473,457.93114613180506,59.56522251619734
2554.csv,2.0,20,30000,200,52.33642903311063,533.367497168743,69.63190489457388
2555.csv,2.0,20,30000,300,117.75696532449892,617.5081981212638,78.43067539674081
2556.csv,2.0,20,30000,500,327.1026814569415,678.6355593607306,85.93876975372801
3111.csv,5.0,5,2000,50,0.05451711357615691,2.8650599999999984,1.6547095117218636e-05
3112.csv,5.0,5,2000,100,0.21806845430462765,2.8978899999999976,8.978028525512651e-05
3113.csv,5.0,5,2000,150,0.49065402218541226,2.8978899999999976,0.0004226751207894744
3114.csv,5.0,5,2000,200,0.8722738172185106,2.8650599999999984,0.001572334899182297
3115.csv,5.0,5,2000,300,1.962616088741649,2.8650599999999984,0.006244917884407936
3116.csv,5.0,5,2000,500,5.451711357615692,1.7757082999999996,0.023020981419762745
3121.csv,5.0,5,5000,50,0.1362927839403923,3.9117161999999994,0.00012587894591670095
3122.csv,5.0,5,5000,100,0.5451711357615692,3.9117161999999994,0.001386591730937014
3123.csv,5.0,5,5000,150,1.2266350554635306,3.9117161999999994,0.0069658843415865935
3124.csv,5.0,5,5000,200,2.1806845430462767,3.9117161999999994,0.018511184320012718
3125.csv,5.0,5,5000,300,4.906540221854122,4.073781499999998,0.046709938583010736
3126.csv,5.0,5,5000,500,13.62927839403923,5.55602914285714,0.1051082699398502
3131.csv,5.0,5,10000,50,0.2725855678807846,2.913053,0.000811424254669261
3132.csv,5.0,5,10000,100,1.0903422715231383,2.913053,0.011590776045249431
3133.csv,5.0,5,10000,150,2.453270110927061,2.913053,0.03962436275235437
3134.csv,5.0,5,10000,200,4.361369086092553,3.8206512499999965,0.08509436291935767
3135.csv,5.0,5,10000,300,9.813080443708245,4.912383571428567,0.16312632703786334
3136.csv,5.0,5,10000,500,27.25855678807846,4.941925276153345,0.26625338770144674
3141.csv,5.0,5,15000,50,0.4088783518211768,2.161856199999996,0.0034872249241014765
3142.csv,5.0,5,15000,100,1.6355134072847073,2.1060320999999993,0.03585797365342859
3143.csv,5.0,5,15000,150,3.6799051663905913,6.460156399999999,0.10219258541110551
3144.csv,5.0,5,15000,200,6.542053629138829,6.469626499999997,0.192939036133838
3145.csv,5.0,5,15000,300,14.719620665562365,5.507592183517414,0.31440241127673724
3146.csv,5.0,5,15000,500,40.88783518211769,7.99265125,0.4478067686709346
3151.csv,5.0,5,30000,50,0.8177567036423536,2.16890457142857,0.048460213481478956
3152.csv,5.0,5,30000,100,3.2710268145694146,5.367688666666666,0.22898986845760325
3153.csv,5.0,5,30000,150,7.359810332781183,6.024255577689243,0.45034952954630564
3154.csv,5.0,5,30000,200,13.084107258277658,8.814791277258566,0.6444162927584448
3155.csv,5.0,5,30000,300,29.43924133112473,11.84107425742574,0.8284635797962193
3156.csv,5.0,5,30000,500,81.77567036423538,14.987842064714947,1.0014072023562859
3211.csv,5.0,10,2000,50,0.10903422715231383,31.058749999999993,0.0007102067584964575
3212.csv,5.0,10,2000,100,0.4361369086092553,8.212082999999984,0.0037070941389160325
3213.csv,5.0,10,2000,150,0.9813080443708245,8.212082999999984,0.013938747534073665
3214.csv,5.0,10,2000,200,1.7445476344370212,12.299765,0.03763256606206726
3215.csv,5.0,10,2000,300,3.925232177483298,12.299765,0.10001880173175953
3216.csv,5.0,10,2000,500,10.903422715231384,12.299765,0.2499364428836485
3221.csv,5.0,10,5000,50,0.2725855678807846,10.487423999999997,0.0060029229437404885
3222.csv,5.0,10,5000,100,1.0903422715231383,7.4213304999999945,0.05339154955820358
3223.csv,5.0,10,5000,150,2.453270110927061,7.4213304999999945,0.16762913393956114
3224.csv,5.0,10,5000,200,4.361369086092553,7.4213304999999945,0.34215382308832976
3225.csv,5.0,10,5000,300,9.813080443708245,18.94970999999999,0.65249333868169
3226.csv,5.0,10,5000,500,27.25855678807846,16.053563467492253,1.1374770764449065
3231.csv,5.0,10,10000,50,0.5451711357615692,11.382911999999992,0.058320456478006176
3232.csv,5.0,10,10000,100,2.1806845430462767,11.382911999999992,0.3533798404948852
3233.csv,5.0,10,10000,150,4.906540221854122,14.121401999999991,0.8276329203195139
3234.csv,5.0,10,10000,200,8.722738172185107,20.903428999999992,1.3950584786959006
3235.csv,5.0,10,10000,300,19.62616088741649,25.993490888382674,2.1220067556590156
3236.csv,5.0,10,10000,500,54.51711357615692,39.76040859309182,2.9154303414159544
3241.csv,5.0,10,15000,50,0.8177567036423536,11.09286099999999,0.19323064138997093
3242.csv,5.0,10,15000,100,3.2710268145694146,14.403813000000001,0.840435426367896
3243.csv,5.0,10,15000,150,7.359810332781183,26.023488999999994,1.694458907661702
3244.csv,5.0,10,15000,200,13.084107258277658,30.844916961130725,2.544766218980161
3245.csv,5.0,10,15000,300,29.43924133112473,44.047895265423236,3.42869367177234
3246.csv,5.0,10,15000,500,81.77567036423538,56.58820217096336,4.332106404383197
3251.csv,5.0,10,30000,50,1.6355134072847073,10.766460583941603,0.9712899152100559
3252.csv,5.0,10,30000,100,6.542053629138829,30.432392,2.59526326144657
3253.csv,5.0,10,30000,150,14.719620665562365,47.62245901639344,3.978495157700835
3254.csv,5.0,10,30000,200,26.168214516555317,59.073336752136754,5.012992248856712
3255.csv,5.0,10,30000,300,58.87848266224946,72.55668023255814,5.974081275693029
3256.csv,5.0,10,30000,500,163.55134072847076,86.09692775665398,6.849537776605646
3311.csv,5.0,15,2000,50,0.16355134072847075,42.80747599999996,0.005864154336256935
3312.csv,5.0,15,2000,100,0.654205362913883,25.568086999999966,0.030792230234326274
3313.csv,5.0,15,2000,150,1.4719620665562367,22.85353899999998,0.09611345063586167
3314.csv,5.0,15,2000,200,2.616821451655532,22.85353899999998,0.21609001918533036
3315.csv,5.0,15,2000,300,5.887848266224947,22.85353899999998,0.4765240572067203
3316.csv,5.0,15,2000,500,16.355134072847076,23.09331519999998,1.001238980332315
3321.csv,5.0,15,5000,50,0.4088783518211768,37.49032599999996,0.06283913469977184
3322.csv,5.0,15,5000,100,1.6355134072847073,37.49032599999996,0.38613553412058443
3323.csv,5.0,15,5000,150,3.6799051663905913,37.49032599999996,0.9474361591338879
3324.csv,5.0,15,5000,200,6.542053629138829,37.49032599999996,1.6675244170834143
3325.csv,5.0,15,5000,300,14.719620665562365,37.49032599999996,2.7689988302614195
3326.csv,5.0,15,5000,500,40.88783518211769,51.122530662305756,4.305532887086114
3331.csv,5.0,15,10000,50,0.8177567036423536,30.870063999999942,0.4030748204041694
3332.csv,5.0,15,10000,100,3.2710268145694146,18.795983999999972,1.6544495356897715
3333.csv,5.0,15,10000,150,7.359810332781183,32.11095691202868,3.30695351806859
3334.csv,5.0,15,10000,200,13.084107258277658,53.678514610389556,5.050539072193464
3335.csv,5.0,15,10000,300,29.43924133112473,77.87937428571423,7.0664362580122715
3336.csv,5.0,15,10000,500,81.77567036423538,113.60702786377708,9.214800141642973
3341.csv,5.0,15,15000,50,1.2266350554635306,25.517839999999985,1.0281941602204954
3342.csv,5.0,15,15000,100,4.906540221854122,32.590332499999946,3.259430649652023
3343.csv,5.0,15,15000,150,11.039715499171775,62.57427615062759,5.764733577136552
3344.csv,5.0,15,15000,200,19.62616088741649,88.50302139037431,8.037293571344332
3345.csv,5.0,15,15000,300,44.1588619966871,112.80505997552015,10.272315923377256
3346.csv,5.0,15,15000,500,122.66350554635305,152.04509183673468,12.568884957857625
3351.csv,5.0,15,30000,50,2.453270110927061,40.8606240310077,4.132442357892374
3352.csv,5.0,15,30000,100,9.813080443708245,98.19155636363637,8.868796537767006
3353.csv,5.0,15,30000,150,22.07943099834355,139.81449261083742,12.350176715033463
3354.csv,5.0,15,30000,200,39.25232177483298,171.05548556430443,14.88323122225157
3355.csv,5.0,15,30000,300,88.3177239933742,204.02518085106382,17.223870758209063
3356.csv,5.0,15,30000,500,245.3270110927061,233.8934770642202,19.34800357707362
3411.csv,5.0,18,2000,50,0.19626160887416488,30.33406299999996,0.01575627544968551
3412.csv,5.0,18,2000,100,0.7850464354966595,29.741832999999996,0.07573576178553867
3413.csv,5.0,18,2000,150,1.7663544798674842,23.774325999999977,0.22746985656215787
3414.csv,5.0,18,2000,200,3.140185741986638,23.774325999999977,0.48041307537478295
3415.csv,5.0,18,2000,300,7.065417919469937,23.774325999999977,0.9826640980662669
3416.csv,5.0,18,2000,500,19.626160887416493,22.525382999999987,1.9298248962629478
3421.csv,5.0,18,5000,50,0.49065402218541226,37.65961499999995,0.17513623860405095
3422.csv,5.0,18,5000,100,1.962616088741649,37.65961499999995,0.8816455659608912
3423.csv,5.0,18,5000,150,4.41588619966871,37.05100999999998,1.9807779793763443
3424.csv,5.0,18,5000,200,7.850464354966596,29.820626043405603,3.3008686401437104
3425.csv,5.0,18,5000,300,17.66354479867484,53.960304182509475,5.219059705390535
3426.csv,5.0,18,5000,500,49.06540221854122,92.41297814207643,7.807296532915588
3431.csv,5.0,18,10000,50,0.9813080443708245,34.7303621428571,0.8996543129623962
3432.csv,5.0,18,10000,100,3.925232177483298,28.08867799999998,3.176985521912578
3433.csv,5.0,18,10000,150,8.83177239933742,56.00041711229939,5.964031749992504
3434.csv,5.0,18,10000,200,15.700928709933192,82.59269384835474,8.787913946024082
3435.csv,5.0,18,10000,300,35.32708959734968,136.0395467720685,11.927094433460288
3436.csv,5.0,18,10000,500,98.13080443708245,182.03105154639172,15.258403022758081
3441.csv,5.0,18,15000,50,1.4719620665562367,41.37823999999991,2.1620594428064766
3442.csv,5.0,18,15000,100,5.887848266224947,61.36165882352939,6.069834318973321
3443.csv,5.0,18,15000,150,13.247658599006131,107.86448501362393,10.152931361914161
3444.csv,5.0,18,15000,200,23.551393064899788,148.83616666666666,13.692868221899477
3445.csv,5.0,18,15000,300,52.990634396024525,195.18957203994296,17.10283408395683
3446.csv,5.0,18,15000,500,147.19620665562368,235.602118226601,20.597959229272206
3451.csv,5.0,18,30000,50,2.9439241331124735,68.26448611111107,7.8456271930969175
3452.csv,5.0,18,30000,100,11.775696532449894,157.52287761194026,15.435896161373885
3453.csv,5.0,18,30000,150,26.495317198012263,226.18355760368664,20.63588724553248
3454.csv,5.0,18,30000,200,47.102786129799576,264.2034028892455,24.385640427070065
3455.csv,5.0,18,30000,300,105.98126879204905,315.14813559322033,27.85062141300863
3456.csv,5.0,18,30000,500,294.39241331124737,363.985932085932,30.989289748855168
3511.csv,5.0,20,2000,50,0.21806845430462765,42.161289999999916,0.03007194246522109
3512.csv,5.0,20,2000,100,0.8722738172185106,72.57417999999993,0.13190831626847963
3513.csv,5.0,20,2000,150,1.962616088741649,42.161289999999916,0.3774448277948542
3514.csv,5.0,20,2000,200,3.4890952688740424,29.10031818181815,0.76240754762589
3515.csv,5.0,20,2000,300,7.850464354966596,23.390672999999904,1.4927567597669518
3516.csv,5.0,20,2000,500,21.80684543046277,28.65611914116067,2.8235449857136197
3521.csv,5.0,20,5000,50,0.5451711357615692,45.09378399999997,0.29376286696331994
3522.csv,5.0,20,5000,100,2.1806845430462767,39.74403399999993,1.3738475589088004
3523.csv,5.0,20,5000,150,4.906540221854122,39.74403399999993,2.9498411301376
3524.csv,5.0,20,5000,200,8.722738172185107,45.10279183308796,4.783546487608485
3525.csv,5.0,20,5000,300,19.62616088741649,78.15854609911386,7.372374429311842
3526.csv,5.0,20,5000,500,54.51711357615692,130.33384615384605,10.789879290414218
3531.csv,5.0,20,10000,50,1.0903422715231383,49.537389999999895,1.400795937231861
3532.csv,5.0,20,10000,100,4.361369086092553,44.2658419999999,4.572981176077718
3533.csv,5.0,20,10000,150,9.813080443708245,81.09006732673258,8.292341605920488
3534.csv,5.0,20,10000,200,17.445476344370213,124.7328270028796,11.95404913586327
3535.csv,5.0,20,10000,300,39.25232177483298,180.64784153005465,15.92385501008104
3536.csv,5.0,20,10000,500,109.03422715231385,239.67646373056996,20.10511974144968
3541.csv,5.0,20,15000,50,1.6355134072847073,62.45394333333324,3.2168455375564617
3542.csv,5.0,20,15000,100,6.542053629138829,81.13115418467838,8.533272016309798
3543.csv,5.0,20,15000,150,14.719620665562365,143.5747041862046,13.841885599606154
3544.csv,5.0,20,15000,200,26.168214516555317,207.09999871373668,18.30052295849631
3545.csv,5.0,20,15000,300,58.87848266224946,273.6090570596229,22.546550451366567
3546.csv,5.0,20,15000,500,163.55134072847076,321.24204787234044,26.884818739411795
3551.csv,5.0,20,30000,50,3.2710268145694146,101.92091668121085,10.986451122240716
3552.csv,5.0,20,30000,100,13.084107258277658,221.2594855305466,20.655755689451443
3553.csv,5.0,20,30000,150,29.43924133112473,315.64699692120956,27.05555837591418
3554.csv,5.0,20,30000,200,52.33642903311063,347.7550802139036,31.668295916378458
3555.csv,5.0,20,30000,300,117.75696532449892,412.90716157205236,35.91737242628994
3556.csv,5.0,20,30000,500,327.1026814569415,472.37994906301606,39.78738566695983
